{
	"ulid": "01FF41SRQ9CRTX77WXRC605VBX",
	"minTime": 1629993739853,
	"maxTime": 1630029600000,
	"stats": {
		"numSamples": 1619217,
		"numSeries": 715,
		"numChunks": 13840
	},
	"compaction": {
		"level": 3,
		"sources": [
			"01FE1XEWWJGYS9S5G9WP6JWFV5",
			"01FE246HP670P10748SAR8V745",
			"01FE2B27KXVCKTECN8CTZW8AX6",
			"01FE2HXZWA0E7YQM8QF7Z39DET",
			"01FE5RGKH6YW6Y46APHHQGQSFN"
		],
		"parents": [
			{
				"ulid": "01FE1XEWWJGYS9S5G9WP6JWFV5",
				"minTime": 1629993739853,
				"maxTime": 1630000800000
			},
			{
				"ulid": "01FF3QG5851Q5WRCZ7XAG25RE4",
				"minTime": 1630000804956,
				"maxTime": 1630022400000
			},
			{
				"ulid": "01FE5RGKH6YW6Y46APHHQGQSFN",
				"minTime": 1630022400000,
				"maxTime": 1630029600000
			}
		]
	},
	"version": 1
}