{
	"ulid": "01FGVR4H4XV0NXCTEJMHQRR1EP",
	"minTime": 1631145600000,
	"maxTime": 1631210400000,
	"stats": {
		"numSamples": 230245,
		"numSeries": 520,
		"numChunks": 2331
	},
	"compaction": {
		"level": 2,
		"sources": [
			"01FF5MVGNH3CPSGZY6AK8VM831",
			"01FG9DAEF3NJTB9VDTE1ECY47K"
		],
		"parents": [
			{
				"ulid": "01FF5MVGNH3CPSGZY6AK8VM831",
				"minTime": 1631145600000,
				"maxTime": 1631152800000
			},
			{
				"ulid": "01FG9DAEF3NJTB9VDTE1ECY47K",
				"minTime": 1631203476090,
				"maxTime": 1631210400000
			}
		]
	},
	"version": 1
}